First Name,Last Name,Program Id,Program Name,Enrolled At
John,Doe,1,Bachelor of Computer Science,1/1/2025
Jane,Smith,2,Master of Science in Data Science,15/1/2025
Mary,Johnson,3,Bachelor of Cybersecurity,20/1/2025
Alice,Brown,1,Bachelor of Computer Science,22/1/2025
Bob,Davis,2,Master of Science in Data Science,25/1/2025
Charlie,Martinez,3,Bachelor of Cybersecurity,30/1/2025
David,Garcia,1,Bachelor of Computer Science,2/2/2025
Eva,Hernandez,2,Master of Science in Data Science,10/2/2025
Frank,Lopez,3,Bachelor of Cybersecurity,14/2/2025
Grace,Wilson,1,Bachelor of Computer Science,16/2/2025
Henry,Moore,2,Master of Science in Data Science,20/2/2025
Ivy,Taylor,3,Bachelor of Cybersecurity,25/2/2025
Jack,Anderson,1,Bachelor of Computer Science,1/3/2025
Kimberly,Thomas,2,Master of Science in Data Science,5/3/2025
Liam,Jackson,3,Bachelor of Cybersecurity,10/3/2025
Mona,White,1,Bachelor of Computer Science,12/3/2025
Noah,Martinez,2,Master of Science in Data Science,17/3/2025
Olivia,Garcia,3,Bachelor of Cybersecurity,21/3/2025
Paul,Miller,1,Bachelor of Computer Science,23/3/2025
Quincy,Wilson,2,Master of Science in Data Science,28/3/2025
Rachel,Moore,3,Bachelor of Cybersecurity,2/4/2025
Samuel,Jackson,1,Bachelor of Computer Science,5/4/2025
Tina,Lee,2,Master of Science in Data Science,10/4/2025
Ursula,Martinez,3,Bachelor of Cybersecurity,14/4/2025
Victor,Roberts,1,Bachelor of Computer Science,18/4/2025
Wendy,Walker,2,Master of Science in Data Science,22/4/2025
Xander,Young,3,Bachelor of Cybersecurity,25/4/2025
Yara,Lopez,1,Bachelor of Computer Science,30/4/2025
Zane,Scott,2,Master of Science in Data Science,2/5/2025
Alice,Miller,3,Bachelor of Cybersecurity,6/5/2025
Ben,Adams,1,Bachelor of Computer Science,10/5/2025
Chloe,Walker,2,Master of Science in Data Science,13/5/2025
Daniel,Thomas,3,Bachelor of Cybersecurity,18/5/2025
Ella,Roberts,1,Bachelor of Computer Science,20/5/2025
Freddie,Evans,2,Master of Science in Data Science,25/5/2025
Georgia,Collins,3,Bachelor of Cybersecurity,28/5/2025
Hannah,Perkins,1,Bachelor of Computer Science,1/6/2025
Isaac,King,2,Master of Science in Data Science,3/6/2025
James,Long,3,Bachelor of Cybersecurity,8/6/2025
Kara,Scott,1,Bachelor of Computer Science,10/6/2025
Lance,Morris,2,Master of Science in Data Science,15/6/2025
Maria,Baker,3,Bachelor of Cybersecurity,18/6/2025
Nick,Green,1,Bachelor of Computer Science,20/6/2025
Olga,Campbell,2,Master of Science in Data Science,25/6/2025
Peter,Martinez,3,Bachelor of Cybersecurity,29/6/2025
Quinn,Harris,1,Bachelor of Computer Science,2/7/2025
Rita,Allen,2,Master of Science in Data Science,6/7/2025
Steve,Young,3,Bachelor of Cybersecurity,10/7/2025
Terry,Thompson,1,Bachelor of Computer Science,12/7/2025
Uma,Lee,2,Master of Science in Data Science,17/7/2025
Vera,Brown,3,Bachelor of Cybersecurity,20/7/2025
Walter,Evans,1,Bachelor of Computer Science,25/7/2025
Xena,Wright,2,Master of Science in Data Science,30/7/2025
Yvette,Turner,3,Bachelor of Cybersecurity,2/8/2025
Zoe,Parker,1,Bachelor of Computer Science,5/8/2025
Aiden,Roberts,2,Master of Science in Data Science,9/8/2025
Bella,Jackson,3,Bachelor of Cybersecurity,12/8/2025
Carlos,Williams,1,Bachelor of Computer Science,15/8/2025
Diana,Lee,2,Master of Science in Data Science,19/8/2025
Eva,Allen,3,Bachelor of Cybersecurity,23/8/2025
Felix,Walker,1,Bachelor of Computer Science,25/8/2025
Grace,Scott,2,Master of Science in Data Science,29/8/2025
Harry,Brown,3,Bachelor of Cybersecurity,1/9/2025
Iris,Young,1,Bachelor of Computer Science,4/9/2025
Jackie,White,2,Master of Science in Data Science,9/9/2025
Kevin,Harris,3,Bachelor of Cybersecurity,12/9/2025
Lena,Green,1,Bachelor of Computer Science,15/9/2025
Mia,King,2,Master of Science in Data Science,19/9/2025
Nina,Lopez,3,Bachelor of Cybersecurity,23/9/2025
Oscar,Evans,1,Bachelor of Computer Science,26/9/2025
Pauline,Walker,2,Master of Science in Data Science,30/9/2025
Quinn,Long,3,Bachelor of Cybersecurity,3/10/2025
Rose,Baker,1,Bachelor of Computer Science,5/10/2025
Sophia,Turner,2,Master of Science in Data Science,9/10/2025
Tina,Morris,3,Bachelor of Cybersecurity,12/10/2025
Uri,Roberts,1,Bachelor of Computer Science,15/10/2025
Vince,Allen,2,Master of Science in Data Science,19/10/2025
Wendy,Brown,3,Bachelor of Cybersecurity,22/10/2025
Xander,Lee,1,Bachelor of Computer Science,25/10/2025
Yara,King,2,Master of Science in Data Science,30/10/2025
Zoe,Martinez,3,Bachelor of Cybersecurity,2/11/2025
Adam,Scott,1,Bachelor of Computer Science,5/11/2025
Bella,Collins,2,Master of Science in Data Science,9/11/2025
Carlos,Young,3,Bachelor of Cybersecurity,12/11/2025
Diana,Evans,1,Bachelor of Computer Science,15/11/2025
Eva,Green,2,Master of Science in Data Science,19/11/2025
Felix,King,3,Bachelor of Cybersecurity,22/11/2025
Grace,Allen,1,Bachelor of Computer Science,25/11/2025
Henry,Lee,2,Master of Science in Data Science,29/11/2025
Ivy,Scott,3,Bachelor of Cybersecurity,2/12/2025
Jackie,Green,1,Bachelor of Computer Science,5/12/2025
Lena,Turner,2,Master of Science in Data Science,9/12/2025
Mia,Walker,3,Bachelor of Cybersecurity,12/12/2025
