programId,firstName,lastName,enrolledAt
1,robert,Johnson,2025-10-22
2,helly,Lee,2025-09-09
3,anna,Lewis,2025-10-13
1,mark,Smith,2025-11-18
2,emily,Smith,2025-10-01
3,david,Clark,2025-01-18
1,sophia,Lewis,2025-07-03
2,helly,Johnson,2025-10-27
3,linda,Doe,2025-08-27
1,robert,Doe,2025-04-14
2,david,Johnson,2025-06-03
3,linda,Taylor,2025-07-28
1,anna,Johnson,2025-05-17
2,linda,Johnson,2025-05-03
3,mark,Lee,2025-06-03
1,david,Taylor,2025-01-14
2,robert,Smith,2025-07-04
3,sophia,Taylor,2025-06-27
1,david,Taylor,2025-09-11
2,david,Doe,2025-08-25
3,mark,Clark,2025-06-29
1,mark,Smith,2025-05-06
2,anna,Lee,2025-10-20
3,helly,Lewis,2025-02-18
1,robert,Wilson,2025-01-11
2,linda,Smith,2025-10-01
3,gary,Clark,2025-04-17
1,emily,Lewis,2025-04-14
2,sophia,Lee,2025-09-07
3,emily,Walker,2025-06-01
1,linda,Clark,2025-07-07
2,emily,Walker,2025-08-10
3,linda,Walker,2025-10-29
1,helly,Wilson,2025-03-10
2,david,Clark,2025-09-18
3,james,Clark,2025-12-22
1,helly,Johnson,2025-11-28
2,linda,Taylor,2025-08-12
3,linda,Lewis,2025-03-19
1,anna,Lee,2025-07-26
2,mark,Taylor,2025-03-11
3,david,Wilson,2025-11-06
1,sophia,Wilson,2025-07-31
2,linda,Smith,2025-09-17
3,anna,Taylor,2025-04-20
1,anna,Brown,2025-12-10
2,james,Johnson,2025-02-17
3,helly,Lewis,2025-01-06
1,helly,Taylor,2025-09-02
2,gary,Wilson,2025-12-31
3,anna,Doe,2025-07-14
1,david,Taylor,2025-04-04
2,robert,Johnson,2025-05-18
3,mark,Brown,2025-07-25
1,sophia,Taylor,2025-12-18
2,david,Lewis,2025-04-25
3,mark,Lewis,2025-10-18
1,robert,Johnson,2025-01-19
2,linda,Smith,2025-01-28
3,david,Clark,2025-12-19
1,david,Smith,2025-07-23
2,david,Johnson,2025-08-02
3,helly,Johnson,2025-10-30
1,gary,Smith,2025-12-05
2,sophia,Brown,2025-06-15
3,anna,Wilson,2025-03-07
1,sophia,Clark,2025-03-09
2,emily,Lee,2025-05-16
3,mark,Smith,2025-07-06
1,linda,Taylor,2025-06-07
2,sophia,Lee,2025-07-21
3,anna,Lewis,2025-09-30
1,gary,Smith,2025-05-03
2,helly,Lewis,2025-12-29
3,james,Smith,2025-02-06
1,james,Clark,2025-06-23
2,anna,Smith,2025-02-22
3,james,Lewis,2025-12-22
1,linda,Brown,2025-07-11
2,robert,Wilson,2025-11-29
3,sophia,Clark,2025-01-31
1,robert,Taylor,2025-12-02
2,david,Lee,2025-02-15
3,anna,Walker,2025-05-19
1,anna,Brown,2025-07-19
2,robert,Clark,2025-07-18
3,mark,Doe,2025-01-03
1,sophia,Johnson,2025-05-15
2,sophia,Doe,2025-03-07
3,gary,Taylor,2025-05-31
1,emily,Wilson,2025-12-21
2,gary,Smith,2025-12-06
3,robert,Taylor,2025-02-07
1,sophia,Walker,2025-09-11
2,mark,Lee,2025-10-29
3,david,Lee,2025-04-10
1,sophia,Brown,2025-02-12
2,robert,Wilson,2025-08-06
3,gary,Brown,2025-04-27
1,helly,Johnson,2025-04-04
2,anna,Wilson,2025-05-26
3,emily,Brown,2025-09-21
1,linda,Lewis,2025-10-28
2,helly,Lewis,2025-01-25
3,mark,Lewis,2025-04-23
1,robert,Smith,2025-05-21
2,linda,Doe,2025-11-14
3,emily,Johnson,2025-03-29
1,linda,Brown,2025-05-28
2,gary,Taylor,2025-08-27
3,mark,Wilson,2025-12-24
1,david,Lee,2025-11-24
2,james,Smith,2025-11-16
3,mark,Lee,2025-10-09
1,anna,Lee,2025-01-12
2,anna,Wilson,2025-11-26
3,helly,Walker,2025-07-29
1,emily,Wilson,2025-04-04
2,robert,Lewis,2025-11-18
3,james,Taylor,2025-11-13
1,anna,Taylor,2025-08-27
2,robert,Lee,2025-05-19
3,mark,Clark,2025-07-28
1,emily,Wilson,2025-03-31
2,mark,Doe,2025-03-28
3,sophia,Lee,2025-08-05
1,james,Smith,2025-10-03
2,gary,Brown,2025-08-13
3,emily,Walker,2025-07-15
1,linda,Walker,2025-09-08
2,robert,Smith,2025-04-17
3,robert,Smith,2025-10-10
1,robert,Clark,2025-11-09
2,robert,Doe,2025-11-18
3,linda,Lewis,2025-09-22
1,emily,Taylor,2025-06-05
2,robert,Walker,2025-10-18
3,robert,Doe,2025-01-15
1,mark,Johnson,2025-04-16
2,sophia,Doe,2025-10-03
3,helly,Brown,2025-03-18
1,emily,Wilson,2025-01-16
2,mark,Lee,2025-01-27
3,anna,Clark,2025-01-14
1,emily,Lewis,2025-10-28
2,helly,Clark,2025-09-24
3,linda,Clark,2025-01-14
1,linda,Johnson,2025-10-31
2,emily,Taylor,2025-02-24
3,linda,Doe,2025-06-07
1,linda,Smith,2025-03-13
2,emily,Smith,2025-02-26
3,emily,Johnson,2025-08-14
1,anna,Wilson,2025-01-04
2,robert,Lee,2025-03-10
3,linda,Brown,2025-08-12
1,david,Taylor,2025-05-11
2,david,Brown,2025-07-19
3,david,Doe,2025-04-30
1,james,Smith,2025-06-10
2,linda,Clark,2025-03-17
3,emily,Brown,2025-02-22
1,anna,Taylor,2025-07-10
2,linda,Clark,2025-04-04
3,linda,Johnson,2025-01-24
1,gary,Clark,2025-08-30
2,linda,Walker,2025-04-02
3,linda,Brown,2025-04-10
1,linda,Lewis,2025-04-11
2,james,Lee,2025-08-16
3,robert,Lee,2025-10-26
1,sophia,Wilson,2025-08-13
2,linda,Clark,2025-11-19
3,robert,Brown,2025-02-06
1,david,Lewis,2025-05-12
2,mark,Clark,2025-09-23
3,helly,Johnson,2025-03-31
1,james,Doe,2025-09-15
2,gary,Lewis,2025-08-11
3,james,Taylor,2025-11-12
1,sophia,Johnson,2025-02-25
2,mark,Taylor,2025-09-19
3,james,Johnson,2025-07-23
1,david,Lewis,2025-01-19
2,robert,Doe,2025-10-15
3,gary,Brown,2025-09-28
1,james,Lewis,2025-10-16
2,david,Taylor,2025-10-10
3,helly,Lee,2025-11-22
1,james,Lee,2025-08-17
2,anna,Wilson,2025-06-02
3,linda,Brown,2025-08-24
1,helly,Wilson,2025-04-07
2,sophia,Doe,2025-07-03
3,mark,Smith,2025-11-16
1,james,Wilson,2025-09-18
2,helly,Taylor,2025-12-26
3,anna,Taylor,2025-03-18
1,david,Clark,2025-10-18
2,mark,Taylor,2025-07-21
